Model,Relevance_story_kendall,Coherence_story_kendall,Empathy_story_kendall,Surprise_story_kendall,Engagement_story_kendall,Complexity_story_kendall,Relevance_system_kendall,Coherence_system_kendall,Empathy_system_kendall,Surprise_system_kendall,Engagement_system_kendall,Complexity_system_kendall
BLEU Ξ§,0.13922033417177257,0.17069439503744066,0.18480471474206409,0.17307745989478976,0.22763690351244578,0.3020059431528414,0.5555555555555555,0.3333333333333333,0.4222222222222222,0.4222222222222222,0.3333333333333333,0.5393598899705937
ROUGE-1 Recall Ξ§,0.1471328059843349,0.2345944031663604,0.22687506134636837,0.23671452291166792,0.2919301634997401,0.40654309762062707,0.5111111111111111,0.37777777777777777,0.4666666666666666,0.4666666666666666,0.37777777777777777,0.5843065474681431
ROUGE-1 Precision Ξ§,0.01657239104905885,0.012756247341783105,0.06016832313331338,0.06697453055639051,0.05229382634713198,0.1481433081706294,0.3333333333333333,0.19999999999999998,0.19999999999999998,0.28888888888888886,0.19999999999999998,0.40451991747794525
ROUGE-1 F-Score Ξ§,0.126952211247803,0.21641067166043526,0.2027314555171497,0.20014474837064578,0.26426823780267433,0.3274249406032585,0.5111111111111111,0.37777777777777777,0.5555555555555555,0.37777777777777777,0.37777777777777777,0.4944132324730442
ROUGE-2 Recall Ξ§,0.10842592972729741,0.18205798141643928,0.1788627750775392,0.16277103394020664,0.19469183701129,0.2680272189150876,0.4666666666666666,0.4222222222222222,0.6,0.4222222222222222,0.4222222222222222,0.3595732599803958
ROUGE-2 Precision Ξ§,0.00015898462000213617,0.016670949728966215,0.002984817642160216,0.04510549442948602,0.024039793111249055,0.06337658215736354,0.28888888888888886,0.06666666666666667,0.022222222222222223,0.15555555555555553,0.06666666666666667,0.26967994498529685
ROUGE-2 F-Score Ξ§,0.06700969697711757,0.14074062326706996,0.123394515919006,0.10332024166176507,0.14168046241057328,0.17604383893174522,0.28888888888888886,0.3333333333333333,0.4222222222222222,0.3333333333333333,0.3333333333333333,0.22473328748774737
ROUGE-3 Recall Ξ§,0.0701356275642676,0.0889666518877119,0.07936594178148322,0.04363825592940286,0.06559530264653597,0.06019428660171156,0.15555555555555553,0.28888888888888886,0.28888888888888886,0.19999999999999998,0.28888888888888886,0.08989331499509895
ROUGE-3 Precision Ξ§,0.040270516468089816,0.0535845613293215,0.03212186408856559,0.001423321119388951,0.012026406472096384,0.0050555038683429065,0.4222222222222222,0.19999999999999998,0.19999999999999998,0.28888888888888886,0.19999999999999998,0.40451991747794525
ROUGE-3 F-Score Ξ§,0.04749762265874125,0.07007914299645591,0.0467754436795288,0.02396934477095548,0.03562420204447846,0.022938702455905433,0.022222222222222223,0.1111111111111111,0.1111111111111111,0.022222222222222223,0.1111111111111111,0.08989331499509895
ROUGE-4 Recall Ξ§,0.021306654308702502,0.006232743869381922,0.03033764244761156,0.03550088579106566,0.03094478692634032,0.04321336345627968,0.19999999999999998,0.1111111111111111,0.1111111111111111,0.022222222222222223,0.1111111111111111,0.044946657497549475
ROUGE-4 Precision Ξ§,0.03408289372280761,0.013859276775896203,0.022781075379503822,0.04581886815811849,0.03610334852863757,0.05491982894351697,0.3333333333333333,0.1111111111111111,0.1111111111111111,0.19999999999999998,0.1111111111111111,0.26967994498529685
ROUGE-4 F-Score Ξ§,0.03314193876773775,0.013045967994940384,0.024611050903607618,0.04239179719962685,0.03522008282580874,0.051596035531005585,0.19999999999999998,0.022222222222222223,0.022222222222222223,0.06666666666666667,0.022222222222222223,0.13483997249264842
ROUGE-L Recall Ξ§,0.13948314971805567,0.22747092230048474,0.22812538486208567,0.21604597622534158,0.2742967510548086,0.37929214817123097,0.5555555555555555,0.4222222222222222,0.5111111111111111,0.5111111111111111,0.4222222222222222,0.6292532049656925
ROUGE-L Precision Ξ§,0.09023060802380438,0.12850482310266614,0.1376968426159498,0.17760044773462405,0.1945413393935911,0.32815698277714417,0.4222222222222222,0.19999999999999998,0.19999999999999998,0.28888888888888886,0.19999999999999998,0.40451991747794525
ROUGE-L F-Score Ξ§,0.09175927770114978,0.1489889296054565,0.14788448123232611,0.13098237361376508,0.16883143087395572,0.20956574121240842,0.4666666666666666,0.4222222222222222,0.6,0.4222222222222222,0.4222222222222222,0.3595732599803958
ROUGE-W-1.2 Recall Ξ§,0.1356919832676262,0.21648113188808224,0.22400273070994406,0.20790177703549964,0.26490886041569794,0.3724895906171717,0.5555555555555555,0.4222222222222222,0.5111111111111111,0.5111111111111111,0.4222222222222222,0.6292532049656925
ROUGE-W-1.2 Precision Ξ§,0.09262162133905637,0.14138282721888404,0.15034850891959547,0.18624367090957972,0.2076043345585498,0.3452708939161003,0.4222222222222222,0.19999999999999998,0.19999999999999998,0.28888888888888886,0.19999999999999998,0.40451991747794525
ROUGE-W-1.2 F-Score Ξ§,0.12913795221563318,0.19628184925794057,0.19673251701557026,0.17316587003473494,0.22505866555922402,0.29666031648082875,0.6,0.4666666666666666,0.6444444444444444,0.4666666666666666,0.4666666666666666,0.4944132324730442
ROUGE-S* Recall Ξ§,0.14624655961077404,0.2310777879953152,0.23079243261683713,0.228058673664176,0.28785947875658896,0.3978069080033227,0.6,0.37777777777777777,0.37777777777777777,0.4666666666666666,0.37777777777777777,0.5843065474681431
ROUGE-S* Precision Ξ§,0.008803972509958303,0.016974457636093915,0.06240702867086192,0.07197443390781952,0.06406375021630915,0.1659018717967409,0.4666666666666666,0.15555555555555553,0.15555555555555553,0.24444444444444444,0.15555555555555553,0.3595732599803958
ROUGE-S* F-Score Ξ§,0.14067784289102747,0.20545976051422976,0.20752650455770902,0.18691305352847812,0.2537551700356685,0.32397794898842297,0.5555555555555555,0.3333333333333333,0.4222222222222222,0.4222222222222222,0.3333333333333333,0.5393598899705937
ROUGE-SU* Recall Ξ§,0.14602564344837496,0.23081829333537981,0.231283805429087,0.2285335320407269,0.28761938036899126,0.39828793947713037,0.6,0.37777777777777777,0.37777777777777777,0.4666666666666666,0.37777777777777777,0.5843065474681431
ROUGE-SU* Precision Ξ§,0.010936689999554801,0.02614203127371618,0.06585327187911666,0.08033536740639484,0.07262730445631095,0.1782561337741435,0.4666666666666666,0.15555555555555553,0.15555555555555553,0.24444444444444444,0.15555555555555553,0.3595732599803958
ROUGE-SU* F-Score Ξ§,0.13766291925423638,0.20446868765164647,0.20547675152549327,0.1849084627884443,0.25076483340561767,0.3214816438788914,0.5555555555555555,0.3333333333333333,0.4222222222222222,0.4222222222222222,0.3333333333333333,0.5393598899705937
METEOR Ξ§,0.13492811011581124,0.21524695830618212,0.2194398434401463,0.21672482508443566,0.2803248673607095,0.39197246327153357,0.5555555555555555,0.4222222222222222,0.4222222222222222,0.5111111111111111,0.4222222222222222,0.6292532049656925
chrF Ξ§,0.15632222787520236,0.246078243501934,0.23334102569476647,0.2445034815501194,0.30771406166676735,0.43307161063647764,0.6,0.4666666666666666,0.4666666666666666,0.5555555555555555,0.4666666666666666,0.6741998624632421
CIDEr Ξ§,0.04842122671117893,0.04949151600048146,0.04708288303584471,0.05132100448814423,0.05368738658502049,0.1333357131399646,0.24444444444444444,0.1111111111111111,0.19999999999999998,0.022222222222222223,0.1111111111111111,0.13483997249264842
ROUGE-WE-3 Recall Ξε,0.14847417395519494,0.25290021988662037,0.2358012772308299,0.21636708249746495,0.2735899075874569,0.3862168001096184,0.5555555555555555,0.3333333333333333,0.4222222222222222,0.4222222222222222,0.3333333333333333,0.5393598899705937
ROUGE-WE-3 Precision Ξε,0.004732891290466464,0.044325566515476554,0.006665750074661483,0.02756660479963208,0.0025400700291891218,0.06117874624239048,0.15555555555555553,0.06666666666666667,0.15555555555555553,0.022222222222222223,0.06666666666666667,0.13483997249264842
ROUGE-WE-3 F-Score Ξε,0.13420094006451885,0.20903501580575642,0.1961716773707579,0.16630696296878453,0.21986920975136678,0.2935800535374726,0.5111111111111111,0.37777777777777777,0.5555555555555555,0.37777777777777777,0.37777777777777777,0.31462660248284624
BERTScore Precision Ξε,0.03751034249044392,0.022364864970981373,0.041964025405785456,0.024224332406297993,0.026941711070461966,0.01652080688812056,0.15555555555555553,0.1111111111111111,0.06666666666666667,0.1111111111111111,0.1111111111111111,0.1797866299901979
BERTScore Recall Ξε,0.16201367380435372,0.22531860638611234,0.21752996393042176,0.21254189451209235,0.28933590965219275,0.3802090424917563,0.5555555555555555,0.4222222222222222,0.5111111111111111,0.5111111111111111,0.4222222222222222,0.6292532049656925
BERTScore F1 Ξε,0.14344264151251201,0.19739505604019825,0.20753877835248521,0.17515100992555974,0.24590072942395902,0.2945831014226433,0.5111111111111111,0.5555555555555555,0.7333333333333333,0.5555555555555555,0.5555555555555555,0.4944132324730442
MoverScore Ξε,0.1911970749875109,0.21433988480399405,0.1799762331731597,0.18126528396886632,0.25090729338278545,0.2829725285348078,0.6,0.5555555555555555,0.7333333333333333,0.4666666666666666,0.5555555555555555,0.40451991747794525
DepthScore Ξε,0.09105484919981817,0.21639574653303995,0.16397398084406545,0.1767980256816476,0.22862334206817272,0.28673438873422213,0.4222222222222222,0.4666666666666666,0.5555555555555555,0.5555555555555555,0.4666666666666666,0.6741998624632421
BaryScore-W Ξε,0.14480082824198545,0.20241394158058934,0.19119029605734736,0.16786054473626744,0.25002573011909407,0.2810793851695586,0.5555555555555555,0.5111111111111111,0.6888888888888888,0.5111111111111111,0.5111111111111111,0.44946657497549475
BaryScore-SD-10 Ξε,0.019185553860951197,0.02637220061233121,0.01397052972457991,0.038799979147298436,0.01381795554130569,0.07179794813783878,0.4666666666666666,0.6888888888888888,0.5111111111111111,0.6888888888888888,0.6888888888888888,0.764093177458341
BaryScore-SD-5 Ξε,0.018711405018030352,0.024907074691059045,0.01592964380436171,0.037824157068313415,0.012338764624738213,0.0697803463877819,0.4666666666666666,0.6888888888888888,0.5111111111111111,0.6888888888888888,0.6888888888888888,0.764093177458341
BaryScore-SD-1 Ξε,0.023917767909600332,0.018639509265254966,0.024407023083454844,0.03547365000940897,0.004857420401119916,0.058463763503532,0.4222222222222222,0.6444444444444444,0.4666666666666666,0.6444444444444444,0.6444444444444444,0.7191465199607916
BaryScore-SD-0.5 Ξε,0.02726519902271153,0.014550785687376526,0.02644235593504211,0.03337464358709844,0.0038321126145751997,0.04486216220372203,0.37777777777777777,0.6,0.4222222222222222,0.6,0.6,0.6741998624632421
BaryScore-SD-0.1 Ξε,0.10348845595582136,0.13735088467655057,0.13480693668911967,0.10339299794035028,0.1652430107252361,0.16713184310615992,0.5111111111111111,0.4666666666666666,0.6444444444444444,0.37777777777777777,0.4666666666666666,0.31462660248284624
BaryScore-SD-0.01 Ξε,0.1462145396507616,0.2028101219583647,0.1917831912624762,0.16793793265404497,0.24905850821940545,0.2807101324988025,0.6,0.5555555555555555,0.7333333333333333,0.5555555555555555,0.5555555555555555,0.4944132324730442
BaryScore-SD-0.001 Ξε,0.0836161713912154,0.17720053013541817,0.13779873104679663,0.14976094439006354,0.1680806547841296,0.23103897798885184,0.5555555555555555,0.7777777777777777,0.7777777777777777,0.7777777777777777,0.7777777777777777,0.6741998624632421
S3-Pyramid ΞΔ,0.1507923415501066,0.24394577019658162,0.2319385944055843,0.22799569735876254,0.29621675125524144,0.39112406544187434,0.6,0.37777777777777777,0.37777777777777777,0.4666666666666666,0.37777777777777777,0.5843065474681431
S3-Responsiveness ΞΔ,0.15470272538511004,0.24283621320039853,0.22394163978401027,0.23353479005781572,0.2900606865297941,0.38161712437214207,0.5111111111111111,0.37777777777777777,0.4666666666666666,0.4666666666666666,0.37777777777777777,0.5843065474681431
SummaQA ΞΔ,0.08827065090633661,0.09227692338139995,0.07996669727937075,0.17182406291303143,0.14692149192005932,0.24885509407072587,0.3333333333333333,0.19999999999999998,0.19999999999999998,0.28888888888888886,0.19999999999999998,0.40451991747794525
InfoLM-FisherRao ΞΔ,0.11536870884936212,0.12132301313984332,0.10952945681835762,0.10966831700489638,0.14195044196641426,0.18439141685497104,0.5111111111111111,0.19999999999999998,0.37777777777777777,0.19999999999999998,0.19999999999999998,0.31462660248284624
InfoLM-R-FisherRao ΞΔ,0.11536870884936212,0.12132301313984332,0.10952945681835762,0.10966831700489638,0.14195044196641426,0.18439141685497104,0.5111111111111111,0.19999999999999998,0.37777777777777777,0.19999999999999998,0.19999999999999998,0.31462660248284624
InfoLM-Sim-FisherRao ΞΔ,0.11536870884936212,0.12132301313984332,0.10952945681835762,0.10966831700489638,0.14195044196641426,0.18439141685497104,0.5111111111111111,0.19999999999999998,0.37777777777777777,0.19999999999999998,0.19999999999999998,0.31462660248284624
BARTScore-SH ΞΔ,0.22322787073132141,0.2506120491317956,0.22325039653240528,0.20044874295909096,0.28095439430058383,0.333799885640157,0.5111111111111111,0.5555555555555555,0.5555555555555555,0.5555555555555555,0.5555555555555555,0.6741998624632421
BARTScore-HS ΞΔ,0.05949417961853889,0.0744854942819355,0.013230203772670493,0.13134212984514446,0.12824793750809332,0.1718428966837711,0.1111111111111111,0.06666666666666667,0.022222222222222223,0.06666666666666667,0.06666666666666667,0.13483997249264842
SUPERT-Golden ΞΔ,0.1733906644458493,0.17019162550356073,0.17855097071404283,0.14226523521239018,0.21120254872836894,0.20950217019348674,0.5555555555555555,0.4222222222222222,0.6,0.4222222222222222,0.4222222222222222,0.3595732599803958
BLANC-Golden ΞΔ,0.05874605118274407,0.07164399340157897,0.07414619936947468,0.049091957293064536,0.08533686793061412,0.08857166025072954,0.15555555555555553,0.19999999999999998,0.1111111111111111,0.19999999999999998,0.19999999999999998,0.31462660248284624
Coverage ¤§,0.06281641699045927,0.035481937740689105,0.07341681816509255,0.07674871646303814,0.049063936733242865,0.06322521609903424,0.3333333333333333,0.37777777777777777,0.19999999999999998,0.37777777777777777,0.37777777777777777,0.44946657497549475
Density ¤§,0.08997958240242103,0.031028915760754932,0.05654156169502342,0.07728804550148848,0.039278398240148595,0.046802980361861306,0.24444444444444444,0.28888888888888886,0.1111111111111111,0.28888888888888886,0.28888888888888886,0.3595732599803958
Compression ¤§,0.1377369768847532,0.19479118689077576,0.20436018320256924,0.21423269959706218,0.2681943096639406,0.39820505219435387,0.37777777777777777,0.4222222222222222,0.5111111111111111,0.5111111111111111,0.4222222222222222,0.6292532049656925
Text length ¤§,0.1377369768847532,0.19479118689077576,0.20436018320256924,0.21423269959706218,0.2681943096639406,0.39820505219435387,0.4666666666666666,0.3333333333333333,0.3333333333333333,0.4222222222222222,0.3333333333333333,0.5393598899705937
Novelty-1 ¤§,0.014980503251310687,0.17566556991295634,0.172444423738204,0.2151623194157856,0.2479364328839456,0.33808282915409027,0.37777777777777777,0.5111111111111111,0.5111111111111111,0.6,0.5111111111111111,0.7191465199607916
Novelty-2 ¤§,0.09586563587853739,0.036746499937651625,0.014228038364655811,0.05300690990507295,0.0381485229685455,0.014258032406694796,0.24444444444444444,0.4666666666666666,0.28888888888888886,0.4666666666666666,0.4666666666666666,0.44946657497549475
Novelty-3 ¤§,0.1835377779762441,0.007504200317687947,0.0068863448348404,0.03828492653197779,0.042584404461163114,0.007327894690215514,0.06666666666666667,0.24444444444444444,0.06666666666666667,0.3333333333333333,0.24444444444444444,0.31462660248284624
Repetition-1 ¤§,0.07463971743460368,0.1648719344786775,0.06437867316172301,0.17429204629928927,0.18025710828534022,0.2350524630177997,0.28888888888888886,0.24444444444444444,0.15555555555555553,0.24444444444444444,0.24444444444444444,0.31462660248284624
Repetition-2 ¤§,0.052324777163615076,0.17167273337452071,0.08451693842028317,0.1836398128607607,0.18839992150543486,0.23237742436378186,0.28888888888888886,0.24444444444444444,0.15555555555555553,0.24444444444444444,0.24444444444444444,0.31462660248284624
Repetition-3 ¤§,0.07098348386995158,0.19812305945324815,0.12316255393743895,0.1838407589405325,0.21934085581670462,0.2683712024169445,0.37777777777777777,0.3333333333333333,0.24444444444444444,0.3333333333333333,0.3333333333333333,0.31462660248284624
SUPERT-PS ¤ε,0.28591879931751274,0.04168920278032074,0.029097875828833636,0.01430928507525856,0.05388835847422078,0.05352083779453185,0.1111111111111111,0.19999999999999998,0.022222222222222223,0.19999999999999998,0.19999999999999998,0.1797866299901979
SUPERT-SS ¤ε,0.2994591031178269,0.05891243599894972,0.03978575064449253,0.029267259791118026,0.06458542440276212,0.06794570760343256,0.19999999999999998,0.1111111111111111,0.022222222222222223,0.1111111111111111,0.1111111111111111,0.13483997249264842
BLANC-Tune-PS ¤Δ,0.07948921036402858,0.007104648126194352,0.0039593883969379065,0.004157830528197795,0.0389378456449884,0.0037318390880938987,0.24444444444444444,0.15555555555555553,0.022222222222222223,0.15555555555555553,0.15555555555555553,0.044946657497549475
BLANC-Help-PS ¤Δ,0.08131465006977821,0.020842586326711838,0.0021455731564838654,0.024666156648956106,0.007187543299093426,0.02433107519600111,0.022222222222222223,0.19999999999999998,0.19999999999999998,0.19999999999999998,0.19999999999999998,0.13483997249264842
BLANC-Tune-SS ¤Δ,0.16102406674504052,0.045839253958579754,0.03026604197127444,0.042752581111073835,0.06538157866038213,0.05335069431373012,0.28888888888888886,0.022222222222222223,0.06666666666666667,0.022222222222222223,0.022222222222222223,0.044946657497549475
BLANC-Help-SS ¤Δ,0.14486685142516972,0.02706584107696219,0.03189566959625348,0.031774626826249645,0.062342655309921315,0.05082148999803879,0.4222222222222222,0.1111111111111111,0.19999999999999998,0.022222222222222223,0.1111111111111111,0.13483997249264842
BARTScore-PS ¤Δ,0.038762145947768584,0.10351110851734951,0.053433910316004356,0.15851298948508338,0.1556456287740999,0.2168723805758467,0.1111111111111111,0.06666666666666667,0.022222222222222223,0.06666666666666667,0.06666666666666667,0.13483997249264842
BARTScore-SP ¤Δ,0.2961188746751244,0.06351881301021767,0.014847994004709701,0.034845099905892504,0.08339124204160638,0.13370473313001308,0.28888888888888886,0.06666666666666667,0.06666666666666667,0.15555555555555553,0.06666666666666667,0.22473328748774737
